{"cameraMode":{"drawMode":0,"name":"Shaded","section":"Shading Mode"},"sceneLighting":false,"audioPlay":false,"sceneViewState":{"m_AlwaysRefresh":false,"showFog":true,"showSkybox":false,"showFlares":true,"showImageEffects":true,"showParticleSystems":true,"showVisualEffectGraphs":true,"m_FxEnabled":true},"in2DMode":false,"pivot":{"x":5.372121334075928,"y":0.6341732144355774,"z":13.253134727478028},"rotation":{"x":-0.0060735405422747139,"y":0.9863510131835938,"z":-0.037310272455215457,"w":-0.1603366881608963},"size":0.723097026348114,"orthographic":false}