{"cameraMode":{"drawMode":0,"name":"Shaded","section":"Shading Mode"},"sceneLighting":false,"audioPlay":false,"sceneViewState":{"m_AlwaysRefresh":false,"showFog":true,"showSkybox":false,"showFlares":true,"showImageEffects":true,"showParticleSystems":true,"showVisualEffectGraphs":true,"m_FxEnabled":true},"in2DMode":false,"pivot":{"x":5.991512775421143,"y":0.5595453977584839,"z":12.899246215820313},"rotation":{"x":0.0019806022755801679,"y":0.9972845315933228,"z":-0.06772985309362412,"w":0.029283082112669946},"size":0.5519673824310303,"orthographic":false}